,Duration [s],Duration [hh:mm:ss],Distance [nm],Cruise flight level [100 ft],Fuel burn [kg],CO2 [kg],NOx [kg],SOx [kg],H2O [kg],CO [kg],HC [kg],PM non volatile [kg],PM volatile [kg],PM total [kg]
0,0.0,00:00:00,0.0,0.0,2.6999999999999997,35.699999999999996,0.0,0.0,3.75,0.0,0.0,0.0,0.0,0.0
1,60.0,00:01:00,5.840088400063212,8.409727296091024,106.78097433007365,344.1675690789951,2.069081337648981,0.0855378473329503,127.0522405195462,0.3069284470406955,0.027827483798006276,0.003022686837229392,0.006364384485331417,0.009387071275840101
2,120.0,00:02:00,11.680176800126423,16.819454592182048,106.18097433007364,325.11756907899513,2.219081337648981,0.0855378473329503,133.6522405195462,0.3069284470406955,0.027827483798006276,0.003022686837229392,0.006364384485331417,0.009387071275840101
3,180.0,00:03:00,17.520265200189634,25.22918188827307,106.93097433007367,339.21756907899504,2.0690813376489814,0.08553784733295028,129.7522405195462,0.30692844704069544,0.02782748379800628,0.003022686837229392,0.006364384485331416,0.009387071275840105
4,240.0,00:04:00,23.360353600252846,33.638909184364095,109.33097433007362,334.26756907899517,2.2190813376489804,0.08553784733295033,132.4522405195462,0.30692844704069555,0.027827483798006272,0.003022686837229392,0.006364384485331418,0.009387071275840098
5,300.0,00:05:00,29.20044200031606,42.048636480455116,110.53097433007368,329.3175690789952,2.2190813376489813,0.08553784733295033,132.15224051954627,0.30692844704069544,0.027827483798006272,0.003022686837229392,0.006364384485331418,0.009387071275840105
6,360.0,00:06:00,35.04053040037927,50.45836377654614,108.28097433007368,358.4175690789949,2.0690813376489814,0.08553784733295022,133.65224051954615,0.30692844704069544,0.027827483798006286,0.003022686837229392,0.006364384485331415,0.009387071275840105
7,420.0,00:07:00,40.880618800442484,58.868091072637164,111.43097433007367,348.96756907899515,2.0690813376489796,0.08553784733295033,140.55224051954627,0.30692844704069544,0.02782748379800626,0.00302268683722939,0.006364384485331415,0.009387071275840098
8,480.0,00:08:00,46.72070720050569,67.27781836872819,109.93097433007355,335.3175690789952,2.2190813376489813,0.08553784733295033,134.85224051954614,0.30692844704069566,0.027827483798006286,0.0030226868372293936,0.006364384485331422,0.009387071275840098
9,540.0,00:09:00,52.5607956005689,75.68754566481921,102.28097433007368,327.8175690789952,2.2190813376489813,0.08553784733295033,125.55224051954615,0.3069284470406952,0.027827483798006286,0.00302268683722939,0.006364384485331415,0.009387071275840111
10,600.0,00:10:00,58.40088400063212,84.09727296091023,110.98097433007368,333.3675690789952,2.2190813376489813,0.08553784733295033,140.25224051954638,0.30692844704069566,0.02782748379800626,0.0030226868372293936,0.006364384485331422,0.009387071275840098
11,660.0,00:11:00,64.24097240069533,92.50700025700125,108.28097433007356,357.9675690789947,2.2190813376489813,0.08553784733295022,128.70224051954614,0.3069284470406952,0.02782748379800626,0.00302268683722939,0.006364384485331415,0.009387071275840098
12,720.0,00:12:00,70.08106080075854,100.91672755309229,108.13097433007378,355.5675690789952,2.2190813376489813,0.08553784733295022,133.05224051954616,0.30692844704069566,0.027827483798006314,0.0030226868372293936,0.006364384485331415,0.009387071275840111
13,780.0,00:13:00,75.92114920082174,109.3264548491833,105.43097433007355,350.61756907899564,2.069081337648978,0.08553784733295045,140.25224051954615,0.30692844704069566,0.02782748379800626,0.0030226868372293936,0.006364384485331415,0.009387071275840098
14,840.0,00:14:00,81.76123760088497,117.73618214527433,102.73097433007379,353.4675690789947,2.2190813376489813,0.08553784733295022,134.85224051954637,0.3069284470406952,0.02782748379800626,0.0030226868372293866,0.006364384485331415,0.009387071275840098
15,900.0,00:15:00,87.60132600094818,126.14590944136535,106.18097433007355,343.4175690789947,2.2190813376489813,0.08553784733295045,129.15224051954615,0.3069284470406952,0.027827483798006314,0.0030226868372293936,0.006364384485331415,0.009387071275840098
16,960.0,00:16:00,93.44141440101139,134.55563673745638,109.93097433007355,357.5175690789956,2.0690813376489814,0.08553784733295022,134.25224051954615,0.3069284470406961,0.02782748379800626,0.0030226868372293936,0.0063643844853314285,0.009387071275840098
17,1020.0,00:17:00,99.2815028010746,142.9653640335474,112.78097433007379,359.9175690789947,2.0690813376489814,0.08553784733295022,133.0522405195464,0.3069284470406952,0.02782748379800626,0.0030226868372293866,0.006364384485331415,0.009387071275840125
18,1080.0,00:18:00,105.1215912011378,151.37509132963842,104.38097433007356,357.81756907899563,2.0690813376489814,0.08553784733295045,138.00224051954592,0.3069284470406952,0.027827483798006314,0.0030226868372293936,0.006364384485331415,0.009387071275840098
19,1140.0,00:19:00,110.96167960120103,159.78481862572946,110.68097433007378,341.0175690789947,2.0690813376489814,0.08553784733295022,127.80224051954637,0.3069284470406961,0.02782748379800626,0.0030226868372293936,0.006364384485331415,0.009387071275840098
20,1200.0,00:20:00,116.80176800126424,168.19454592182046,105.73097433007356,345.2175690789956,2.0690813376489814,0.08553784733295045,134.5522405195464,0.3069284470406952,0.02782748379800626,0.0030226868372293936,0.0063643844853314285,0.009387071275840098
21,1260.0,00:21:00,122.64185640132744,176.6042732179115,106.63097433007378,353.0175690789947,2.2190813376489813,0.08553784733295022,138.90224051954593,0.3069284470406952,0.02782748379800626,0.0030226868372293866,0.006364384485331415,0.009387071275840098
22,1320.0,00:22:00,129.6482171983812,185.57786063805742,114.89904434961754,333.5744895869055,2.183468118256542,0.08807358709076252,133.9141415883616,0.2946613567915568,0.027172631469943864,0.004053711655995773,0.0076572083546933845,0.011710920053800256
23,1380.0,00:23:00,137.44443479792454,194.93332175750945,108.09302922097204,345.86304189533473,2.2609364498494884,0.08979091427969355,131.6280228368054,0.28635348231468516,0.02672913339241001,0.004751972172783808,0.008532772013982143,0.013284744290715494
24,1440.0,00:24:00,145.2406523974679,204.28878287696148,111.99302922097203,375.26304189533477,2.2609364498494884,0.08979091427969355,146.0280228368054,0.28635348231468605,0.0267291333924099,0.004751972172783794,0.008532772013982115,0.013284744290715522
25,1500.0,00:25:00,153.03686999701125,213.64424399641348,110.34302922097204,337.76304189533477,2.2609364498494884,0.08979091427969355,145.42802283680538,0.28635348231468605,0.02672913339241001,0.004751972172783808,0.008532772013982143,0.013284744290715494
26,1560.0,00:26:00,160.8330875965546,222.9997051158655,108.69302922097204,347.36304189533564,2.2609364498494884,0.08979091427969355,143.6280228368054,0.28635348231468516,0.0267291333924099,0.004751972172783808,0.008532772013982115,0.013284744290715494
27,1620.0,00:27:00,168.62930519609796,232.35516623531754,111.99302922097203,359.66304189533474,2.2609364498494884,0.0897909142796931,134.92802283680538,0.28635348231468694,0.02672913339241001,0.004751972172783808,0.008532772013982143,0.013284744290715522
28,1680.0,00:28:00,176.4255227956413,241.71062735476957,109.29302922097204,361.16304189533474,2.2609364498494884,0.08979091427969355,140.92802283680538,0.28635348231468427,0.0267291333924099,0.004751972172783808,0.008532772013982143,0.013284744290715467
29,1740.0,00:29:00,184.22174039518467,251.0660884742216,118.74302922097203,349.76304189533477,2.4109364498494883,0.08979091427969355,136.42802283680538,0.28635348231468605,0.0267291333924099,0.004751972172783808,0.008532772013982115,0.013284744290715522
30,1800.0,00:30:00,192.01795799472802,260.4215495936736,110.04302922097204,364.61304189533473,2.4109364498494883,0.08979091427969355,133.2780228368054,0.28635348231468605,0.02672913339241001,0.004751972172783808,0.008532772013982143,0.013284744290715522
31,1860.0,00:31:00,199.81417559427138,269.7770107131256,107.19302922097204,352.61304189533473,2.2609364498494884,0.08979091427969355,144.07802283680493,0.28635348231468605,0.02672913339241001,0.004751972172783808,0.008532772013982143,0.013284744290715467
32,1920.0,00:32:00,207.8693515043905,271.57387030087807,116.96037257510616,380.6651736866872,1.7191596031375127,0.0911913302934142,139.83022541894053,0.11808144311260094,0.007455171994737331,0.004537967625246997,0.008692790301270265,0.013230757928994918
33,1980.0,00:33:00,215.93085044841152,273.1861700896823,111.90108441220063,350.04341597904676,1.7059309357068315,0.09122552451530241,138.38033443637897,0.11397271299983025,0.006984556044740242,0.004532742235854273,0.008696697497966088,0.013229439733820403
34,2040.0,00:34:00,223.99234939243254,274.7984698784865,111.45108441220017,367.29341597904676,1.8559309357068314,0.09122552451530197,136.2803344363785,0.11397271299982847,0.006984556044740131,0.004532742235854287,0.008696697497966116,0.013229439733820403
35,2100.0,00:35:00,232.05384833645357,276.4107696672907,113.40108441220063,346.7434159790449,1.8559309357068172,0.09122552451530197,133.7303344363785,0.11397271299982847,0.006984556044740242,0.004532742235854273,0.008696697497966144,0.013229439733820403
36,2160.0,00:36:00,240.1153472804746,278.0230694560949,110.10108441220018,343.74341597904674,1.8559309357068172,0.09122552451530197,136.8803344363776,0.11397271299982847,0.006984556044740131,0.004532742235854287,0.008696697497966088,0.013229439733820347
37,2220.0,00:37:00,248.17684622449562,279.63536924489915,109.95108441220063,372.54341597904676,1.8559309357068314,0.09122552451530197,141.2303344363785,0.11397271299982847,0.006984556044740242,0.004532742235854287,0.008696697497966144,0.013229439733820403
38,2280.0,00:38:00,256.0042342768349,281.92135496858714,93.04594070097191,311.16221332235983,1.354639349842779,0.07349650835001187,113.62008665543362,0.13651693369020101,0.007566106438791964,0.0036570856589036582,0.007930177018770523,0.011587262677674237
39,2340.0,00:39:00,263.76320351865206,284.40422512596865,92.87797124748958,288.13310955373635,1.0581370928004787,0.06831521076473956,107.9832150610684,0.14310547279106522,0.007736064299077139,0.003401175389242783,0.007706161728193217,0.011107337117436
40,2400.0,00:40:00,271.52217276046923,286.88709528335016,82.97797124748914,278.8331095537345,1.2081370928004787,0.06831521076474001,106.4832150610684,0.14310547279106522,0.007736064299077139,0.003401175389242783,0.007706161728193217,0.011107337117436
41,2460.0,00:41:00,279.2811420022864,289.3699654407316,90.17797124748958,274.7831095537364,1.2081370928004787,0.06831521076473956,113.8332150610684,0.14310547279106522,0.007736064299077139,0.003401175389242783,0.007706161728193273,0.011107337117436056
42,2520.0,00:42:00,287.0401112441035,291.85283559811313,90.32797124748959,290.08310955373634,1.2081370928004929,0.06831521076474001,114.2832150610684,0.14310547279106522,0.00773606429907725,0.003401175389242783,0.007706161728193217,0.011107337117436
43,2580.0,00:43:00,294.7990804859207,294.33570575549464,84.17797124748958,292.93310955373454,1.2081370928004787,0.06831521076473956,110.8332150610684,0.14310547279106522,0.007736064299077139,0.003401175389242783,0.007706161728193217,0.011107337117436
44,2640.0,00:44:00,302.55804972773785,296.8185759128761,87.92797124749049,269.08310955373634,1.2081370928004787,0.06831521076473956,111.88321506106931,0.14310547279106522,0.007736064299077139,0.003401175389242783,0.007706161728193217,0.011107337117436
45,2700.0,00:45:00,310.317018969555,299.3014460702576,90.02797124748868,263.38310955373635,1.0581370928004787,0.06831521076474001,110.8332150610684,0.14310547279106522,0.007736064299077139,0.003401175389242783,0.007706161728193273,0.011107337117436056
46,2760.0,00:46:00,318.0759882113722,301.7843162276391,93.62797124749049,261.43310955373454,1.2081370928004787,0.06831521076473956,107.0832150610684,0.14310547279106522,0.007736064299077139,0.0034011753892427554,0.007706161728193217,0.011107337117435945
47,2820.0,00:47:00,325.83495745318936,304.2671863850206,84.47797124748868,257.68310955373636,1.0581370928004787,0.06831521076474001,100.0332150610684,0.14310547279106522,0.00773606429907725,0.003401175389242783,0.007706161728193217,0.011107337117436056
48,2880.0,00:48:00,333.59392669500653,306.7500565424021,88.2279712474905,273.13310955373635,1.0581370928004787,0.06831521076473956,103.6332150610684,0.14310547279106522,0.007736064299077139,0.003401175389242783,0.007706161728193217,0.011107337117436056
49,2940.0,00:49:00,341.3528959368237,309.23292669978355,89.27797124748959,287.53310955373456,1.0581370928004787,0.06831521076474001,103.6332150610684,0.14310547279106522,0.007736064299077139,0.003401175389242783,0.007706161728193273,0.011107337117435945
50,3000.0,00:50:00,349.11186517864087,311.71579685716506,93.02797124748959,261.43310955373636,1.0581370928004787,0.06831521076474001,101.0832150610684,0.14310547279106522,0.007736064299077139,0.003401175389242783,0.007706161728193217,0.011107337117436056
51,3060.0,00:51:00,356.870834420458,314.1986670145466,93.47797124748959,278.23310955373637,1.2081370928004929,0.06831521076473912,107.9832150610684,0.14310547279106522,0.00773606429907725,0.003401175389242783,0.007706161728193217,0.011107337117436056
52,3120.0,00:52:00,364.62980366227515,316.681537171928,81.47797124748959,293.68310955373454,1.0581370928004787,0.06831521076474001,110.83321506106931,0.14310547279106522,0.007736064299077139,0.003401175389242783,0.007706161728193273,0.011107337117435945
53,3180.0,00:53:00,372.3887729040923,319.16440732930954,91.22797124748959,262.18310955373636,1.0581370928004787,0.06831521076474001,106.0332150610684,0.14310547279106522,0.007736064299077139,0.003401175389242783,0.007706161728193217,0.011107337117436056
54,3240.0,00:54:00,380.1477421459095,321.64727748669105,84.62797124748958,265.33310955373634,1.2081370928004787,0.06831521076473912,115.0332150610684,0.14310547279106522,0.007736064299077139,0.003401175389242783,0.007706161728193217,0.011107337117435945
55,3300.0,00:55:00,387.90671138772666,324.1301476440725,85.07797124748959,264.28310955373456,1.0581370928004787,0.06831521076474001,111.2832150610684,0.14310547279106522,0.007736064299077139,0.003401175389242783,0.007706161728193273,0.011107337117436056
56,3360.0,00:56:00,395.66568062954383,326.613017801454,94.07797124748959,280.63310955373817,1.0581370928004787,0.06831521076474001,109.4832150610684,0.14310547279106345,0.007736064299077139,0.003401175389242783,0.007706161728193162,0.011107337117435945
57,3420.0,00:57:00,403.424649871361,329.09588795883553,90.17797124748958,271.3331095537345,1.2081370928004787,0.06831521076474001,109.78321506106931,0.143105472791067,0.007736064299077139,0.003401175389242783,0.007706161728193273,0.011107337117436056
58,3480.0,00:58:00,411.1836191131781,331.578758116217,91.82797124748959,257.3831095537345,1.058137092800493,0.06831521076474001,104.0832150610684,0.14310547279106345,0.007736064299077139,0.003401175389242783,0.007706161728193217,0.011107337117436056
59,3540.0,00:59:00,418.94258835499534,334.0616282735985,88.22797124748959,288.8831095537345,1.0581370928004787,0.06831521076473912,102.5832150610684,0.143105472791067,0.007736064299077361,0.003401175389242783,0.007706161728193217,0.011107337117435945
60,3600.0,01:00:00,426.70155759681245,336.54449843097996,84.77797124748959,260.2331095537382,1.2081370928004787,0.06831521076474001,108.7332150610684,0.14310547279106345,0.007736064299077139,0.003401175389242783,0.007706161728193273,0.011107337117436056
61,3660.0,01:01:00,434.4605268386296,339.02736858836147,93.62797124748958,285.73310955373455,1.2081370928004787,0.06831521076474001,103.7832150610684,0.143105472791067,0.007736064299077139,0.003401175389242783,0.007706161728193217,0.011107337117436056
62,3720.0,01:02:00,442.2194960804468,341.510238745743,83.57797124748959,286.1831095537382,1.0581370928004787,0.06831521076473912,108.8832150610684,0.14310547279106345,0.007736064299077139,0.003401175389242783,0.007706161728193217,0.011107337117435945
63,3780.0,01:03:00,449.97846532226396,343.99310890312444,84.32797124748959,294.8831095537345,1.0581370928004787,0.06831521076474001,106.93321506106841,0.14310547279106522,0.007736064299077139,0.003401175389242783,0.007706161728193273,0.011107337117436056
64,3840.0,01:04:00,457.7374345640811,346.47597906050595,81.32797124748959,280.48310955373455,1.2081370928004787,0.06831521076474001,110.5332150610684,0.14310547279106522,0.007736064299077139,0.003401175389242783,0.007706161728193162,0.011107337117436056
65,3900.0,01:05:00,465.49640380589824,348.95884921788746,88.97797124748959,291.43310955373454,1.0581370928004787,0.06831521076473912,109.4832150610684,0.14310547279106522,0.007736064299077139,0.0034011753892427554,0.007706161728193273,0.011107337117435945
66,3960.0,01:06:00,473.25537304771547,351.4417193752689,88.52797124748959,261.58310955373815,1.0581370928004787,0.06831521076474001,108.43321506106841,0.14310547279106522,0.007736064299077139,0.003401175389242783,0.007706161728193217,0.011107337117435945
67,4020.0,01:07:00,481.0143422895326,353.92458953265043,91.82797124748959,295.18310955373454,1.2081370928004787,0.06831521076474001,101.23321506106932,0.14310547279106522,0.007736064299077139,0.003401175389242783,0.007706161728193217,0.011107337117436167
68,4080.0,01:08:00,488.7733115313498,356.40745969003194,90.17797124748958,263.08310955373815,1.0581370928004787,0.06831521076474001,112.0332150610684,0.14310547279106522,0.007736064299077361,0.003401175389242783,0.007706161728193273,0.011107337117435945
69,4140.0,01:09:00,496.5322807731669,358.8903298474134,91.22797124748959,294.8831095537345,1.2081370928004787,0.06831521076474001,109.7832150610684,0.14310547279106522,0.007736064299077139,0.003401175389242783,0.007706161728193273,0.011107337117435945
70,4200.0,01:10:00,504.32125667925015,360.34570053434004,88.79986686605044,281.03958070774024,1.213540606540883,0.0685436709082774,114.01784506364257,0.11171961734460822,0.005435688696812546,0.003982526028507599,0.008319301150220504,0.012301827178728297
71,4260.0,01:11:00,512.1344806916533,360.97075845533226,84.36958318667602,265.6816870817849,1.0679071357397305,0.06872828742550485,109.48825645653469,0.08635699945885555,0.003576776567000728,0.004452310073312926,0.008814773414728472,0.013267083488041398
72,4320.0,01:12:00,519.9477047040564,361.59581637632454,85.11958318667602,258.0316870817813,1.0679071357397447,0.06872828742550396,106.63825645653469,0.08635699945885555,0.003576776567000506,0.004452310073312926,0.008814773414728472,0.013267083488041398
73,4380.0,01:13:00,527.7609287164595,362.22087429731675,94.41958318667602,297.6316870817849,1.0679071357397305,0.06872828742550396,105.43825645653378,0.08635699945885378,0.003576776567000506,0.004452310073312982,0.008814773414728472,0.013267083488041398
74,4440.0,01:14:00,535.5741527288626,362.84593221830903,88.86958318667602,275.43168708178126,1.0679071357397305,0.06872828742550485,110.3882564565356,0.08635699945885555,0.003576776567000728,0.004452310073312926,0.008814773414728472,0.013267083488041398
75,4500.0,01:15:00,543.3873767412657,363.47099013930125,90.36958318667602,289.83168708178493,1.2179071357397304,0.06872828742550396,104.23825645653378,0.08635699945885378,0.003576776567000506,0.004452310073312926,0.008814773414728472,0.013267083488041398
76,4560.0,01:16:00,551.2006007536688,364.0960480602935,90.36958318667602,263.2816870817813,1.0679071357397305,0.06872828742550396,102.2882564565356,0.08635699945885555,0.003576776567000506,0.004452310073312982,0.008814773414728472,0.013267083488041509
77,4620.0,01:17:00,559.0138247660719,364.72110598128575,87.81958318667603,259.5316870817849,1.0679071357397305,0.06872828742550485,110.38825645653378,0.08635699945885555,0.003576776567000728,0.004452310073312926,0.008814773414728472,0.013267083488041398
78,4680.0,01:18:00,566.827048778475,365.346163902278,88.56958318667603,269.7316870817849,1.2179071357397446,0.06872828742550396,113.08825645653378,0.08635699945885378,0.003576776567000506,0.004452310073312926,0.008814773414728472,0.013267083488041398
79,4740.0,01:19:00,574.640272790878,365.97122182327024,93.81958318667603,275.2816870817813,1.0679071357397305,0.06872828742550396,106.9382564565356,0.08635699945885555,0.003576776567000506,0.004452310073312982,0.008814773414728472,0.013267083488041398
80,4800.0,01:20:00,582.4534968032813,366.5962797442625,88.41958318667602,279.4816870817813,1.0679071357397305,0.06872828742550485,102.28825645653379,0.08635699945885555,0.003576776567000728,0.004452310073312926,0.008814773414728472,0.013267083488041398
81,4860.0,01:21:00,590.2667208156843,367.22133766525474,89.16958318667602,281.1316870817849,1.2179071357397304,0.06872828742550396,108.1382564565356,0.08635699945885378,0.003576776567000506,0.004452310073312926,0.008814773414728472,0.013267083488041398
82,4920.0,01:22:00,598.0799448280874,367.846395586247,94.41958318667511,268.5316870817849,1.2179071357397304,0.06872828742550396,108.73825645653378,0.08635699945885555,0.003576776567000506,0.004452310073312926,0.008814773414728472,0.013267083488041509
83,4980.0,01:23:00,605.8931688404905,368.47145350723923,94.41958318667602,270.93168708178126,1.2179071357397304,0.06872828742550485,116.08825645653378,0.08635699945885555,0.003576776567000728,0.004452310073312982,0.008814773414728472,0.013267083488041398
84,5040.0,01:24:00,613.7063928528936,369.0965114282315,91.86958318667602,271.5316870817849,1.2179071357397446,0.06872828742550396,109.7882564565356,0.08635699945885378,0.003576776567000506,0.004452310073312926,0.008814773414728472,0.013267083488041398
85,5100.0,01:25:00,621.5196168652967,369.7215693492237,84.21958318667603,265.8316870817813,1.2179071357397304,0.06872828742550396,100.63825645653378,0.08635699945885555,0.003576776567000506,0.004452310073312926,0.008814773414728472,0.013267083488041398
86,5160.0,01:26:00,629.3328408776998,370.346627270216,87.81958318667603,285.1816870817849,1.0679071357397305,0.06872828742550485,101.3882564565356,0.08635699945885555,0.003576776567000728,0.004452310073312982,0.008814773414728472,0.013267083488041398
87,5220.0,01:27:00,637.1460648901029,370.9716851912082,87.36958318667602,284.2816870817813,1.0679071357397447,0.06872828742550396,110.23825645653378,0.08635699945885378,0.003576776567000506,0.004452310073312926,0.008814773414728472,0.013267083488041509
88,5280.0,01:28:00,644.959288902506,371.5967431122005,89.31958318667603,268.5316870817849,1.0679071357397163,0.06872828742550485,103.78825645653379,0.08635699945885378,0.003576776567000506,0.004452310073312926,0.008814773414728472,0.013267083488041287
89,5340.0,01:29:00,652.7725129149092,372.2218010331927,84.06958318667603,283.9816870817849,1.0679071357397447,0.06872828742550396,101.8382564565356,0.08635699945885733,0.003576776567000728,0.004452310073312926,0.008814773414728472,0.013267083488041509
90,5400.0,01:30:00,660.5857369273123,372.846858954185,92.91958318667602,276.63168708178125,1.0679071357397163,0.06872828742550396,110.68825645653378,0.08635699945885378,0.003576776567000506,0.004452310073312926,0.008814773414728472,0.013267083488041287
91,5460.0,01:31:00,668.3989609397154,373.4719168751772,82.41958318667602,260.88168708178125,1.0679071357397447,0.06872828742550396,101.3882564565356,0.08635699945885378,0.003576776567000506,0.004452310073312982,0.008814773414728472,0.013267083488041509
92,5520.0,01:32:00,676.2121849521185,374.0969747961695,87.21958318667603,273.0316870817849,1.0679071357397163,0.06872828742550485,112.48825645653378,0.08635699945885733,0.003576776567000728,0.004452310073312926,0.008814773414728472,0.013267083488041509
93,5580.0,01:33:00,684.0254089645216,374.7220327171617,94.11958318667602,292.6816870817849,1.2179071357397446,0.06872828742550396,113.6882564565356,0.08635699945885378,0.003576776567000506,0.004452310073312982,0.008814773414728472,0.013267083488041287
94,5640.0,01:34:00,691.8386329769247,375.347090638154,90.21958318667603,267.7816870817813,1.2179071357397446,0.06872828742550485,105.73825645653378,0.08635699945885378,0.003576776567000506,0.004452310073312926,0.008814773414728472,0.013267083488041509
95,5700.0,01:35:00,699.6518569893278,375.9721485591462,88.26958318667603,294.7816870817849,1.2179071357397162,0.06872828742550396,116.23825645653378,0.08635699945885733,0.003576776567000728,0.004452310073312926,0.008814773414728472,0.013267083488041287
96,5760.0,01:36:00,707.4650810017309,376.5972064801385,83.31958318667603,273.0316870817813,1.0679071357397447,0.06872828742550396,112.7882564565356,0.08635699945885378,0.003576776567000506,0.004452310073312926,0.008814773414728472,0.013267083488041509
97,5820.0,01:37:00,715.278305014134,377.2222644011307,86.46958318667603,279.0316870817849,1.0679071357397163,0.06872828742550396,105.58825645653378,0.08635699945885378,0.003576776567000506,0.004452310073312982,0.008814773414728472,0.013267083488041287
98,5880.0,01:38:00,723.0915290265372,377.847322322123,91.26958318667603,259.0816870817813,1.2179071357397446,0.06872828742550485,108.13825645653378,0.08635699945885378,0.003576776567000728,0.004452310073312926,0.008814773414728472,0.013267083488041509
99,5940.0,01:39:00,730.9047530389403,378.4723802431152,83.46958318667603,267.4816870817849,1.0679071357397447,0.06872828742550396,108.4382564565356,0.08635699945885733,0.003576776567000506,0.004452310073312926,0.008814773414728583,0.013267083488041509
100,6000.0,01:40:00,738.7179770513433,379.0974381641075,89.16958318667602,284.58168708178493,1.2179071357397162,0.06872828742550485,103.6382564565356,0.08635699945885378,0.003576776567000728,0.004452310073312982,0.00881477341472836,0.013267083488041287
101,6060.0,01:41:00,746.5312010637465,379.7224960850997,89.61958318667602,258.93168708178126,1.2179071357397446,0.06872828742550396,108.13825645653378,0.08635699945885378,0.003576776567000506,0.004452310073312926,0.008814773414728583,0.013267083488041509
102,6120.0,01:42:00,754.3599965463465,380.3487997237077,90.67002638491795,265.3980829461863,0.9986688723151929,0.06545285177084903,109.9416052635348,0.07854508728062015,0.003591305435848735,0.0049948332167394915,0.009348256607008998,0.014343089823748656
103,6180.0,01:43:00,762.2012250432829,380.97609800346265,79.00643177833918,258.74025976772975,1.093385696680849,0.06283758565036646,92.01172714060522,0.07230767906687063,0.0036029059868822877,0.005428009913269971,0.00977421536966605,0.0152022252829358
104,6240.0,01:44:00,770.0424535402192,381.60339628321753,79.75643177833918,271.19025976772974,1.0933856966808775,0.06283758565036646,98.1617271406034,0.07230767906687419,0.0036029059868820656,0.005428009913269971,0.00977421536966605,0.015202225282936022
105,6300.0,01:45:00,777.8836820371556,382.2306945629725,83.35643177833917,243.29025976773337,0.9433856966808492,0.06283758565036646,97.71172714060522,0.07230767906687419,0.0036029059868820656,0.005428009913270027,0.00977421536966594,0.015202225282936022
106,6360.0,01:46:00,785.7249105340919,382.85799284272736,80.20643177833736,242.09025976772972,1.093385696680849,0.06283758565036646,95.16172714060522,0.07230767906687419,0.0036029059868820656,0.005428009913269971,0.00977421536966605,0.015202225282936022
107,6420.0,01:47:00,793.5661390310283,383.48529112248224,86.65643177833917,243.89025976772973,1.0933856966808775,0.06283758565036646,98.0117271406034,0.07230767906687063,0.0036029059868820656,0.005428009913269971,0.00977421536966594,0.015202225282936022
108,6480.0,01:48:00,801.4073675279647,384.1125894022372,82.75643177833918,238.94025976773338,0.9433856966808492,0.06283758565036557,102.66172714060522,0.07230767906687419,0.0036029059868820656,0.005428009913270027,0.00977421536966605,0.015202225282936022
109,6540.0,01:49:00,809.2485960249011,384.73988768199206,83.20643177833918,251.69025976772974,0.9433856966808492,0.06283758565036557,97.11172714060521,0.07230767906687419,0.0036029059868820656,0.005428009913269971,0.00977421536966605,0.015202225282936022
110,6600.0,01:50:00,817.0898245218374,385.367185961747,83.95643177833736,258.5902597677297,1.093385696680849,0.06283758565036734,107.4617271406034,0.07230767906687419,0.0036029059868820656,0.005428009913270027,0.00977421536966594,0.015202225282936022
111,6660.0,01:51:00,824.9310530187738,385.9944842415019,82.00643177833918,268.79025976773335,0.9433856966808776,0.06283758565036557,106.26172714060522,0.07230767906687063,0.0036029059868822877,0.005428009913269971,0.00977421536966605,0.015202225282936022
112,6720.0,01:52:00,832.7722815157101,386.6217825212568,82.45643177833918,265.0402597677297,0.9433856966808492,0.06283758565036734,93.2117271406034,0.07230767906687419,0.0036029059868820656,0.005428009913269971,0.00977421536966605,0.015202225282936022
113,6780.0,01:53:00,840.6135100126465,387.2490808010117,86.20643177833918,262.19025976772974,1.093385696680849,0.06283758565036557,103.71172714060522,0.07230767906687419,0.0036029059868820656,0.005428009913270027,0.00977421536966594,0.0152022252829358
114,6840.0,01:54:00,848.4547385095829,387.87637908076664,85.15643177833735,254.54025976772974,0.9433856966808492,0.06283758565036557,104.31172714060521,0.07230767906687419,0.0036029059868820656,0.005428009913269971,0.00977421536966605,0.015202225282936022
115,6900.0,01:55:00,856.2959670065193,388.5036773605215,75.25643177833918,267.59025976773336,0.9433856966808776,0.06283758565036734,105.66172714060522,0.07230767906687063,0.0036029059868820656,0.005428009913270027,0.00977421536966594,0.015202225282936022
116,6960.0,01:56:00,864.1371955034556,389.13097564027646,78.40643177833917,266.99025976772975,1.093385696680849,0.06283758565036557,106.11172714060339,0.07230767906687419,0.0036029059868820656,0.005428009913269971,0.00977421536966605,0.015202225282936022
117,7020.0,01:57:00,871.978424000392,389.75827392003134,83.95643177833918,273.74025976772975,1.093385696680849,0.06283758565036557,99.81172714060521,0.07230767906687419,0.0036029059868820656,0.005428009913269971,0.00977421536966605,0.015202225282936022
118,7080.0,01:58:00,879.8196524973283,390.3855721997863,77.95643177833736,274.4902597677334,0.9433856966808776,0.06283758565036734,93.0617271406034,0.07230767906687419,0.0036029059868822877,0.005428009913270027,0.00977421536966594,0.015202225282936022
119,7140.0,01:59:00,887.6608809942647,391.01287047954116,83.35643177833917,269.69025976772974,1.093385696680849,0.06283758565036557,98.61172714060521,0.07230767906687063,0.0036029059868820656,0.005428009913269971,0.00977421536966605,0.015202225282936022
120,7200.0,02:00:00,895.502109491201,391.6401687592961,80.50643177833918,253.49025976772973,0.9433856966808492,0.06283758565036734,95.91172714060522,0.07230767906687419,0.0036029059868820656,0.005428009913270027,0.00977421536966594,0.015202225282936022
121,7260.0,02:01:00,903.3433379881375,392.267467039051,75.70643177833918,236.99025976772973,1.093385696680849,0.06283758565036557,94.5617271406034,0.07230767906687419,0.0036029059868820656,0.005428009913269971,0.00977421536966605,0.015202225282936022
122,7320.0,02:02:00,911.1845664850739,392.8947653188059,78.25643177833736,276.290259767737,1.0933856966808775,0.06283758565036557,92.91172714060522,0.07230767906687063,0.0036029059868820656,0.005428009913269971,0.00977421536966605,0.0152022252829358
123,7380.0,02:03:00,919.0257949820102,393.5220635985608,76.00643177833918,237.44025976772974,0.9433856966808492,0.06283758565036734,96.81172714060521,0.07230767906687419,0.0036029059868820656,0.005428009913269971,0.00977421536966605,0.015202225282936022
124,7440.0,02:04:00,926.8670234789465,394.14936187831574,79.90643177833917,248.24025976772973,1.093385696680849,0.06283758565036557,95.3117271406034,0.07230767906687419,0.0036029059868820656,0.005428009913270082,0.009774215369665828,0.015202225282936022
125,7500.0,02:05:00,934.708251975883,394.7766601580706,82.15643177833917,260.99025976772975,0.9433856966808492,0.06283758565036734,104.46172714060522,0.07230767906687419,0.0036029059868822877,0.005428009913269971,0.00977421536966605,0.015202225282936022
126,7560.0,02:06:00,942.5494804728194,395.40395843782557,75.10643177833735,270.74025976772975,0.9433856966808776,0.06283758565036557,92.46172714060522,0.07230767906687063,0.0036029059868820656,0.005428009913269971,0.00977421536966605,0.015202225282936022
127,7620.0,02:07:00,950.3907089697557,396.03125671758045,84.10643177833917,262.0402597677297,1.093385696680849,0.06283758565036557,100.86172714060339,0.07230767906687419,0.0036029059868820656,0.005428009913269971,0.00977421536966605,0.015202225282936022
128,7680.0,02:08:00,958.231937466692,396.6585549973354,79.15643177833917,255.59025976772972,0.9433856966808492,0.06283758565036734,100.86172714060521,0.07230767906687419,0.0036029059868820656,0.005428009913269971,0.00977421536966605,0.015202225282936022
129,7740.0,02:09:00,966.0731659636284,397.28585327709027,76.30643177833736,262.940259767737,0.9433856966808776,0.06283758565036557,102.81172714060521,0.07230767906687419,0.0036029059868820656,0.005428009913269971,0.00977421536966605,0.015202225282936022
130,7800.0,02:10:00,973.9143944605648,397.9131515568452,83.65643177833917,244.64025976772973,0.9433856966808492,0.06283758565036557,102.0617271406034,0.07230767906687063,0.0036029059868820656,0.005428009913270082,0.009774215369665828,0.015202225282936022
131,7860.0,02:11:00,981.7556229575011,398.5404498366001,79.15643177833917,263.8402597677297,1.093385696680849,0.06283758565036734,103.11172714060521,0.07230767906687419,0.0036029059868820656,0.005428009913269971,0.00977421536966605,0.0152022252829358
132,7920.0,02:12:00,989.5968514544375,399.167748116355,80.65643177833917,267.2902597677297,0.9433856966808492,0.06283758565036557,98.31172714060521,0.07230767906687419,0.0036029059868822877,0.005428009913269971,0.00977421536966605,0.015202225282936244
133,7980.0,02:13:00,997.4380799513739,399.7950463961099,77.80643177833917,268.3402597677297,1.0933856966808775,0.06283758565036734,92.4617271406034,0.07230767906687419,0.0036029059868820656,0.005428009913269971,0.00977421536966605,0.0152022252829358
134,8040.0,02:14:00,1005.2713392302811,400.0,80.27123012602314,291.91437479837913,1.0055658972718504,0.06692388799642934,107.14527138338454,0.07126528176957336,0.0023697298781566456,0.0047659146141231234,0.009140914490297192,0.013906829104420426
135,8100.0,02:15:00,1013.1007312414125,400.0,82.78199849966222,298.45079528959906,1.18574043700209,0.06890687118591998,105.54893994291379,0.07075943170213961,0.001771299491418965,0.004444615861153078,0.008833588969245909,0.01327820483039921
136,8160.0,02:16:00,1020.9301232525439,400.0,91.63199849966404,258.40079528959905,1.0357404370020902,0.06890687118591998,109.29893994291379,0.07075943170213961,0.001771299491418965,0.004444615861153189,0.008833588969246131,0.013278204830398987
137,8220.0,02:17:00,1028.7595152636754,400.0,90.88199849966222,296.800795289599,1.18574043700209,0.0689068711859182,116.04893994291379,0.07075943170213961,0.001771299491418965,0.004444615861153078,0.008833588969245909,0.01327820483039921
138,8280.0,02:18:00,1036.5889072748068,400.0,93.43199849966405,275.35079528959176,1.1857404370020617,0.06890687118591998,112.29893994291197,0.07075943170214316,0.001771299491418965,0.004444615861153189,0.008833588969246131,0.01327820483039921
139,8340.0,02:19:00,1044.4182992859382,400.0,92.38199849966222,270.40079528959905,1.18574043700209,0.06890687118591998,115.59893994291379,0.07075943170213961,0.001771299491418965,0.004444615861153078,0.008833588969245909,0.013278204830398987
140,8400.0,02:20:00,1052.2476912970697,400.0,93.73199849966404,287.95079528959906,1.0357404370020902,0.06890687118591998,110.19893994291378,0.07075943170213961,0.001771299491419187,0.004444615861153189,0.008833588969246131,0.01327820483039921
141,8460.0,02:21:00,1060.077083308201,400.0,92.53199849966222,268.60079528959903,1.0357404370020902,0.0689068711859182,105.54893994291379,0.07075943170213961,0.001771299491418965,0.004444615861153078,0.008833588969245909,0.01327820483039921
142,8520.0,02:22:00,1067.9064753193325,400.0,83.08199849966222,260.35079528959176,1.18574043700209,0.06890687118591998,107.34893994291379,0.07075943170213961,0.001771299491418965,0.004444615861153189,0.008833588969246131,0.013278204830398987
143,8580.0,02:23:00,1075.7358673304639,400.0,82.48199849966404,291.10079528959903,1.0357404370020902,0.06890687118591998,105.24893994291378,0.07075943170214316,0.001771299491418965,0.004444615861153078,0.008833588969245909,0.01327820483039921
144,8640.0,02:24:00,1083.5652593415953,400.0,82.33199849966222,258.550795289599,1.18574043700209,0.06890687118591998,113.79893994291379,0.07075943170213961,0.001771299491418965,0.004444615861153189,0.008833588969246131,0.01327820483039921
145,8700.0,02:25:00,1091.3946513527267,400.0,84.13199849966404,269.2007952895918,1.18574043700209,0.0689068711859182,114.24893994291378,0.07075943170213961,0.001771299491418965,0.004444615861153078,0.008833588969245909,0.01327820483039921
146,8760.0,02:26:00,1099.224043363858,400.0,92.53199849966222,277.15079528959905,1.18574043700209,0.06890687118591998,103.74893994291196,0.07075943170213961,0.001771299491418965,0.004444615861153189,0.008833588969245909,0.013278204830398987
147,8820.0,02:27:00,1107.0534353749895,400.0,86.83199849966404,283.60079528959903,1.18574043700209,0.06890687118591998,101.79893994291379,0.07075943170213961,0.001771299491418965,0.004444615861153078,0.008833588969246131,0.01327820483039921
148,8880.0,02:28:00,1114.8828273861209,400.0,90.13199849966222,277.300795289599,1.1857404370020617,0.0689068711859182,111.84893994291379,0.07075943170213961,0.001771299491418965,0.004444615861153189,0.008833588969246131,0.01327820483039921
149,8940.0,02:29:00,1122.7122193972523,400.0,88.33199849966404,288.40079528959905,1.18574043700209,0.06890687118591998,105.39893994291378,0.07075943170214316,0.001771299491418965,0.004444615861153189,0.008833588969245909,0.01327820483039921
150,9000.0,02:30:00,1130.5416114083837,400.0,85.48199849966223,258.40079528959177,1.0357404370020902,0.06890687118591998,102.39893994291378,0.07075943170213961,0.001771299491418965,0.004444615861153078,0.008833588969245909,0.013278204830398987
151,9060.0,02:31:00,1138.371003419515,400.0,83.38199849966222,263.20079528959906,1.18574043700209,0.06890687118591998,107.19893994291378,0.07075943170213961,0.001771299491418965,0.004444615861153189,0.008833588969246131,0.01327820483039921
152,9120.0,02:32:00,1146.2003954306465,400.0,85.78199849966404,263.35079528959903,1.0357404370020902,0.06890687118591998,115.14893994291378,0.07075943170213961,0.001771299491418965,0.004444615861153078,0.008833588969245909,0.01327820483039921
153,9180.0,02:33:00,1154.029787441778,400.0,83.53199849966222,294.40079528959177,1.0357404370020902,0.0689068711859182,114.99893994291378,0.07075943170213961,0.001771299491418965,0.004444615861153189,0.008833588969246131,0.013278204830398987
154,9240.0,02:34:00,1161.8591794529093,400.0,86.38199849966404,286.60079528959903,1.18574043700209,0.06890687118591998,103.44893994291196,0.07075943170213961,0.001771299491419187,0.004444615861153078,0.008833588969245909,0.01327820483039921
155,9300.0,02:35:00,1169.6885714640407,400.0,89.23199849966223,262.15079528959905,1.18574043700209,0.06890687118591998,109.89893994291378,0.07075943170214316,0.001771299491418965,0.004444615861153189,0.008833588969246131,0.01327820483039921
156,9360.0,02:36:00,1177.5179634751723,400.0,91.33199849966404,290.20079528959906,1.18574043700209,0.0689068711859182,103.14893994291378,0.07075943170213961,0.001771299491418965,0.004444615861153078,0.008833588969245909,0.013278204830398987
157,9420.0,02:37:00,1185.3473554863037,400.0,82.48199849966223,268.300795289599,1.1857404370020617,0.06890687118591998,103.7489399429156,0.07075943170213961,0.001771299491418965,0.004444615861153189,0.008833588969246131,0.01327820483039921
158,9480.0,02:38:00,1193.1767474974351,400.0,86.53199849966222,289.90079528959177,1.18574043700209,0.06890687118591998,107.79893994291197,0.07075943170213961,0.001771299491418965,0.004444615861153078,0.008833588969245909,0.01327820483039921
159,9540.0,02:39:00,1201.0061395085665,400.0,94.78199849966404,265.90079528959905,1.18574043700209,0.06890687118591998,106.74893994291196,0.07075943170213961,0.001771299491418965,0.004444615861153189,0.008833588969245909,0.013278204830398987
160,9600.0,02:40:00,1208.835531519698,400.0,94.18199849966223,277.45079528959906,1.18574043700209,0.0689068711859182,115.5989399429156,0.07075943170214316,0.001771299491418965,0.004444615861153078,0.008833588969246131,0.013278204830399432
161,9660.0,02:41:00,1216.6649235308294,400.0,86.68199849966405,259.90079528959177,1.0357404370020902,0.06890687118591998,112.44893994291196,0.07075943170213961,0.001771299491418965,0.004444615861153189,0.008833588969245909,0.013278204830398987
162,9720.0,02:42:00,1224.4943155419608,400.0,86.68199849966223,268.15079528959905,1.18574043700209,0.06890687118591998,102.9989399429156,0.07075943170213961,0.001771299491418965,0.004444615861153078,0.008833588969246131,0.013278204830398987
163,9780.0,02:43:00,1232.3237075530922,400.0,84.88199849966404,268.90079528959905,1.0357404370020902,0.06890687118591998,106.74893994291196,0.07075943170213961,0.001771299491418965,0.004444615861153189,0.008833588969245909,0.013278204830399432
164,9840.0,02:44:00,1240.1530995642236,400.0,91.63199849966222,286.300795289599,1.0357404370020902,0.0689068711859182,106.89893994291197,0.07075943170213961,0.001771299491418965,0.004444615861153189,0.008833588969246131,0.013278204830398987
165,9900.0,02:45:00,1247.982491575355,400.0,89.83199849966222,292.300795289599,1.18574043700209,0.06890687118591998,109.29893994291561,0.07075943170213961,0.001771299491418965,0.004444615861153078,0.008833588969245909,0.013278204830398987
166,9960.0,02:46:00,1255.8118835864864,400.0,84.73199849966404,290.80079528959175,1.1857404370020617,0.06890687118591998,115.14893994291197,0.07075943170214316,0.001771299491418965,0.004444615861153078,0.008833588969246131,0.013278204830399432
167,10020.0,02:47:00,1263.6412755976178,400.0,90.13199849966222,291.25079528959907,1.1857404370021185,0.06890687118591998,104.9489399429156,0.07075943170213961,0.001771299491418965,0.004444615861153189,0.008833588969245909,0.013278204830398987
168,10080.0,02:48:00,1271.4706676087492,400.0,89.68199849966405,287.20079528959906,1.1857404370020617,0.0689068711859182,112.29893994291197,0.07075943170213961,0.001771299491418965,0.004444615861153189,0.008833588969246131,0.013278204830398987
169,10140.0,02:49:00,1279.3000596198806,400.0,83.38199849966222,276.55079528959175,1.0357404370020902,0.06890687118591998,114.0989399429156,0.07075943170213961,0.001771299491419187,0.004444615861153078,0.008833588969245909,0.013278204830399432
170,10200.0,02:50:00,1287.129451631012,400.0,85.93199849966405,282.550795289599,1.0357404370020902,0.06890687118591998,110.04893994291197,0.07075943170213961,0.001771299491418965,0.004444615861153189,0.008833588969246131,0.013278204830398987
171,10260.0,02:51:00,1294.9588436421434,400.0,89.68199849966223,281.50079528959907,1.18574043700209,0.0689068711859182,107.04893994291561,0.07075943170213961,0.001771299491418965,0.004444615861153078,0.008833588969245909,0.013278204830398987
172,10320.0,02:52:00,1302.7882356532748,400.0,88.48199849966223,280.45079528959906,1.18574043700209,0.06890687118591998,115.89893994291197,0.07075943170214316,0.001771299491418965,0.004444615861153189,0.008833588969245909,0.013278204830399432
173,10380.0,02:53:00,1310.6176276644064,400.0,85.48199849966404,287.65079528959905,1.18574043700209,0.06890687118591998,111.84893994291197,0.07075943170213961,0.001771299491418965,0.004444615861153078,0.008833588969246131,0.013278204830398987
174,10440.0,02:54:00,1318.4470196755378,400.0,94.03199849966222,298.15079528959177,1.0357404370020902,0.06890687118591998,105.8489399429156,0.07075943170213961,0.001771299491418965,0.004444615861153189,0.008833588969246131,0.013278204830398987
175,10500.0,02:55:00,1326.2764116866692,400.0,85.03199849966404,270.85079528959903,1.18574043700209,0.06890687118591998,114.99893994291196,0.07075943170213961,0.001771299491418965,0.004444615861153189,0.008833588969245909,0.013278204830399432
176,10560.0,02:56:00,1334.1058036978006,400.0,82.18199849966223,296.95079528959906,1.18574043700209,0.0689068711859182,113.79893994291561,0.07075943170213961,0.001771299491418965,0.004444615861153078,0.008833588969245909,0.013278204830398987
177,10620.0,02:57:00,1341.935195708932,400.0,88.03199849966404,260.9507952895918,1.0357404370020618,0.06890687118591998,112.44893994291196,0.07075943170214316,0.001771299491418965,0.004444615861153078,0.008833588969246131,0.013278204830399432
178,10680.0,02:58:00,1349.7645877200634,400.0,85.03199849966222,283.15079528959905,1.0357404370020902,0.06890687118591998,107.34893994291197,0.07075943170213961,0.001771299491418965,0.004444615861153189,0.008833588969245909,0.013278204830398987
179,10740.0,02:59:00,1357.5939797311948,400.0,84.58199849966222,274.45079528959906,1.18574043700209,0.0689068711859182,106.1489399429156,0.07075943170213961,0.001771299491418965,0.004444615861153189,0.008833588969246131,0.013278204830399432
180,10800.0,03:00:00,1365.4233717423263,400.0,86.53199849966404,275.65079528959905,1.18574043700209,0.06890687118591998,106.7489399429156,0.07075943170213961,0.001771299491418965,0.004444615861153078,0.008833588969245909,0.013278204830398987
181,10860.0,03:01:00,1373.2527637534577,400.0,88.78199849966222,272.35079528959903,1.0357404370020902,0.06890687118591998,107.64893994291197,0.07075943170213961,0.001771299491418965,0.004444615861153078,0.008833588969245909,0.013278204830398987
182,10920.0,03:02:00,1381.082155764589,400.0,90.28199849966404,288.10079528959176,1.0357404370020902,0.06890687118591998,112.89893994291197,0.07075943170213961,0.001771299491419187,0.004444615861153189,0.008833588969246131,0.013278204830399432
183,10980.0,03:03:00,1388.9115477757205,400.0,86.68199849966223,262.75079528959907,1.0357404370020902,0.06890687118591998,107.04893994291561,0.07075943170214316,0.001771299491418965,0.004444615861153189,0.008833588969246131,0.013278204830398987
184,11040.0,03:04:00,1396.7409397868519,400.0,86.83199849966404,271.15079528959905,1.18574043700209,0.0689068711859182,103.44893994291196,0.07075943170213961,0.001771299491418965,0.004444615861153078,0.008833588969245909,0.013278204830398987
185,11100.0,03:05:00,1404.5703317979833,400.0,88.78199849966222,298.0007952895918,1.0357404370020902,0.06890687118591998,108.2489399429156,0.07075943170213961,0.001771299491418965,0.004444615861153189,0.008833588969245909,0.013278204830399432
186,11160.0,03:06:00,1412.3997238091147,400.0,84.43199849966223,260.20079528959906,1.0357404370020618,0.06890687118591998,104.19893994291196,0.07075943170213961,0.001771299491418965,0.004444615861153078,0.008833588969246131,0.013278204830398987
187,11220.0,03:07:00,1420.229115820246,400.0,94.48199849966404,261.70079528959906,1.1857404370021185,0.0689068711859182,106.29893994291197,0.07075943170213961,0.001771299491418965,0.004444615861153189,0.008833588969245909,0.013278204830398987
188,11280.0,03:08:00,1428.0585078313775,400.0,92.23199849966404,293.95079528959906,1.0357404370020618,0.06890687118591998,111.2489399429156,0.07075943170213961,0.001771299491418965,0.004444615861153078,0.008833588969246131,0.013278204830399432
189,11340.0,03:09:00,1435.887899842509,400.0,88.93199849966223,274.00079528959907,1.18574043700209,0.06890687118591998,101.64893994291197,0.07075943170214316,0.001771299491418965,0.004444615861153189,0.008833588969245909,0.013278204830398987
190,11400.0,03:10:00,1443.7172918536403,400.0,89.83199849966222,286.60079528959176,1.0357404370020902,0.06890687118591998,101.79893994291561,0.07075943170213961,0.001771299491418965,0.004444615861153189,0.008833588969245909,0.013278204830398987
191,11460.0,03:11:00,1451.5466838647717,400.0,83.68199849966405,260.20079528959906,1.0357404370020902,0.06890687118591998,113.94893994291196,0.07075943170213961,0.001771299491418965,0.004444615861153078,0.008833588969246131,0.013278204830399432
192,11520.0,03:12:00,1459.376075875903,400.0,84.88199849966222,272.050795289599,1.18574043700209,0.0689068711859182,109.8989399429156,0.07075943170213961,0.001771299491418965,0.004444615861153078,0.008833588969246131,0.013278204830398987
193,11580.0,03:13:00,1467.2054678870345,400.0,92.98199849966223,286.4507952895918,1.0357404370020902,0.06890687118591998,113.94893994291196,0.07075943170213961,0.001771299491418965,0.004444615861153189,0.008833588969245909,0.013278204830398987
194,11640.0,03:14:00,1475.034859898166,400.0,88.18199849966405,287.800795289599,1.0357404370020902,0.0689068711859182,103.5989399429156,0.07075943170214316,0.001771299491418965,0.004444615861153189,0.008833588969245909,0.013278204830399432
195,11700.0,03:15:00,1482.8642519092973,400.0,83.83199849966404,296.050795289599,1.0357404370020902,0.06890687118591998,109.59893994291197,0.07075943170213961,0.001771299491418965,0.004444615861153078,0.008833588969246131,0.013278204830398987
196,11760.0,03:16:00,1490.6936439204287,400.0,88.78199849966404,293.65079528959905,1.0357404370020902,0.06890687118591998,101.79893994291197,0.07075943170213961,0.001771299491418965,0.004444615861153078,0.008833588969246131,0.013278204830398987
197,11820.0,03:17:00,1498.5230359315601,400.0,94.93199849966041,295.45079528959906,1.0357404370020618,0.06890687118591998,103.1489399429156,0.07075943170213961,0.001771299491419187,0.004444615861153189,0.008833588969245909,0.013278204830399432
198,11880.0,03:18:00,1506.3452011883583,400.0,94.51083837596961,303.8891408238007,1.2271721748743913,0.07031655648901669,114.6637854930661,0.0726798020853181,0.0018351245071506206,0.004407957495962678,0.008808984908571071,0.013216942404533416
199,11940.0,03:19:00,1514.1656861968202,400.0,96.40117514111334,271.2187016162978,1.2368052141913721,0.07064431377477476,104.34387007048863,0.07312629562757067,0.001849964070189447,0.004399434284258041,0.008803264369293462,0.013202698653551614
200,12000.0,03:20:00,1521.986171205282,400.0,85.00117514111335,305.71870161630505,1.0868052141914006,0.07064431377477653,118.44387007048499,0.07312629562757422,0.001849964070189225,0.00439943428425793,0.008803264369293462,0.013202698653551614
201,12060.0,03:21:00,1529.8066562137437,400.0,86.65117514111334,304.81870161629774,1.2368052141913721,0.07064431377477476,116.04387007048862,0.07312629562757067,0.001849964070189225,0.004399434284258041,0.008803264369293462,0.013202698653551614
202,12120.0,03:22:00,1537.6271412222056,400.0,90.85117514111334,278.11870161630503,1.0868052141914006,0.07064431377477653,115.29387007048862,0.07312629562757067,0.001849964070189447,0.004399434284258041,0.008803264369293462,0.01320269865355117
203,12180.0,03:23:00,1545.4476262306675,400.0,89.9511751411097,291.0187016162978,1.0868052141913722,0.07064431377477653,117.093870070485,0.07312629562757422,0.001849964070189225,0.004399434284258041,0.008803264369293462,0.013202698653551614
204,12240.0,03:24:00,1553.2681112391292,400.0,87.40117514111334,278.26870161630507,1.2368052141914005,0.07064431377477476,117.09387007048863,0.07312629562757067,0.001849964070189447,0.00439943428425793,0.008803264369293462,0.013202698653551614
205,12300.0,03:25:00,1561.088596247591,400.0,90.40117514111334,305.7187016162978,1.2368052141913721,0.07064431377477653,113.94387007048499,0.07312629562757067,0.001849964070189225,0.004399434284258041,0.008803264369293462,0.01320269865355117
206,12360.0,03:26:00,1568.909081256053,400.0,85.90117514111334,269.26870161630507,1.0868052141914006,0.07064431377477476,112.14387007048863,0.07312629562757422,0.001849964070189225,0.004399434284258041,0.008803264369293462,0.013202698653551614
207,12420.0,03:27:00,1576.7295662645147,400.0,96.55117514111335,297.46870161630505,1.2368052141913721,0.07064431377477653,119.19387007048863,0.07312629562757067,0.001849964070189447,0.004399434284258041,0.008803264369293462,0.013202698653551614
208,12480.0,03:28:00,1584.5500512729766,400.0,84.25117514111335,270.16870161629777,1.0868052141914006,0.07064431377477476,117.54387007048499,0.07312629562757067,0.001849964070189225,0.00439943428425793,0.008803264369293462,0.01320269865355117
209,12540.0,03:29:00,1592.3705362814385,400.0,96.10117514111334,301.36870161630503,1.2368052141913721,0.07064431377477653,106.59387007048863,0.07312629562757422,0.001849964070189225,0.004399434284258041,0.008803264369293462,0.013202698653551614
210,12600.0,03:30:00,1600.1910212899004,400.0,86.35117514111334,282.91870161629777,1.0868052141913722,0.07064431377477653,113.04387007048499,0.07312629562757067,0.001849964070189447,0.004399434284258041,0.008803264369293462,0.013202698653551614
211,12660.0,03:31:00,1608.011506298362,400.0,88.90117514111334,289.068701616305,1.0868052141913722,0.07064431377477476,104.64387007048863,0.07312629562757067,0.001849964070189225,0.004399434284258041,0.008803264369293462,0.013202698653551614
212,12720.0,03:32:00,1615.831991306824,400.0,94.90117514111334,289.9687016162978,1.086805214191429,0.07064431377477653,107.19387007048863,0.07312629562757422,0.001849964070189447,0.00439943428425793,0.008803264369293462,0.01320269865355117
213,12780.0,03:33:00,1623.6524763152859,400.0,89.35117514111334,266.71870161630505,1.0868052141913722,0.07064431377477653,103.74387007048499,0.07312629562757067,0.001849964070189225,0.004399434284258041,0.008803264369293462,0.013202698653551614
214,12840.0,03:34:00,1631.4729613237475,400.0,86.95117514111334,274.5187016162978,1.0868052141913722,0.07064431377477476,117.09387007048863,0.07312629562757067,0.001849964070189225,0.004399434284258041,0.008803264369293462,0.013202698653551614
215,12900.0,03:35:00,1639.2934463322094,400.0,89.35117514111334,279.76870161630507,1.0868052141913722,0.07064431377477653,110.19387007048499,0.07312629562757422,0.001849964070189447,0.004399434284258041,0.008803264369293462,0.01320269865355117
216,12960.0,03:36:00,1647.1139313406713,400.0,85.75117514111335,305.56870161629774,1.086805214191429,0.07064431377477476,105.09387007048863,0.07312629562757067,0.001849964070189225,0.00439943428425793,0.008803264369293462,0.013202698653551614
217,13020.0,03:37:00,1654.934416349133,400.0,91.30117514111335,285.76870161630507,1.0868052141913722,0.07064431377477653,114.54387007048862,0.07312629562757067,0.001849964070189447,0.004399434284258041,0.008803264369293462,0.013202698653551614
218,13080.0,03:38:00,1662.754901357595,400.0,95.50117514111335,294.91870161629777,1.0868052141913722,0.07064431377477476,112.893870070485,0.07312629562757422,0.001849964070189225,0.004399434284258041,0.008803264369293462,0.013202698653551614
219,13140.0,03:39:00,1670.5753863660568,400.0,88.45117514111334,279.61870161630503,1.0868052141913722,0.07064431377477653,119.04387007048862,0.07312629562757067,0.001849964070189225,0.004399434284258041,0.008803264369293462,0.01320269865355117
220,13200.0,03:40:00,1678.3958713745185,400.0,96.55117514111335,284.7187016162978,1.086805214191429,0.07064431377477653,111.24387007048863,0.07312629562757067,0.001849964070189447,0.00439943428425793,0.008803264369293462,0.013202698653551614
221,13260.0,03:41:00,1686.2163563829804,400.0,85.00117514110971,273.76870161630507,1.2368052141913721,0.07064431377477476,113.19387007048499,0.07312629562757422,0.001849964070189225,0.004399434284258041,0.008803264369293462,0.01320269865355117
222,13320.0,03:42:00,1694.0368413914423,400.0,88.90117514111334,275.11870161629776,1.2368052141913721,0.07064431377477653,109.44387007048863,0.07312629562757067,0.001849964070189447,0.004399434284258041,0.008803264369293462,0.013202698653551614
223,13380.0,03:43:00,1701.8573263999042,400.0,86.20117514111334,276.46870161630505,1.0868052141913722,0.07064431377477476,109.893870070485,0.07312629562757067,0.001849964070189225,0.004399434284258041,0.008803264369293462,0.013202698653551614
224,13440.0,03:44:00,1709.6778114083659,400.0,84.10117514111334,291.61870161630503,1.0868052141913722,0.07064431377477653,114.24387007048863,0.07312629562757422,0.001849964070189225,0.004399434284258041,0.008803264369293462,0.013202698653551614
225,13500.0,03:45:00,1717.4982964168278,400.0,96.55117514111335,294.4687016162978,1.236805214191429,0.07064431377477476,111.09387007048863,0.07312629562757067,0.001849964070189447,0.00439943428425793,0.008803264369293462,0.01320269865355117
226,13560.0,03:46:00,1725.3187814252897,400.0,93.55117514111335,293.41870161630504,1.2368052141913721,0.07064431377477831,108.843870070485,0.07312629562757067,0.001849964070189225,0.004399434284258041,0.008803264369293462,0.013202698653551614
227,13620.0,03:47:00,1733.1392664337513,400.0,87.70117514111334,294.61870161629776,1.2368052141913721,0.07064431377477476,118.59387007048863,0.07312629562757422,0.001849964070189447,0.004399434284258041,0.008803264369293462,0.013202698653551614
228,13680.0,03:48:00,1740.9597514422132,400.0,93.10117514111334,274.36870161630503,1.0868052141913722,0.07064431377477476,110.04387007048499,0.07312629562757067,0.001849964070189225,0.00439943428425793,0.008803264369293462,0.01320269865355117
229,13740.0,03:49:00,1748.7802364506751,400.0,85.45117514111334,292.9687016162978,1.236805214191429,0.07064431377477831,110.34387007048863,0.07312629562757067,0.001849964070189225,0.004399434284258041,0.008803264369293462,0.013202698653551614
230,13800.0,03:50:00,1756.6007214591368,400.0,95.95117514111334,290.26870161630507,1.0868052141913722,0.07064431377477476,111.69387007048863,0.07312629562757422,0.001849964070189447,0.004399434284258041,0.008803264369293462,0.013202698653551614
231,13860.0,03:51:00,1764.4212064675987,400.0,91.60117514111334,281.41870161629777,1.0868052141913722,0.07064431377477476,106.74387007048499,0.07312629562757067,0.001849964070189225,0.004399434284258041,0.008803264369293462,0.013202698653551614
232,13920.0,03:52:00,1772.2416914760606,400.0,96.25117514111335,297.61870161630503,1.2368052141913721,0.07064431377477476,112.29387007048862,0.07312629562757067,0.001849964070189447,0.004399434284258041,0.008803264369293462,0.01320269865355117
233,13980.0,03:53:00,1780.0621764845223,400.0,89.50117514111335,277.51870161630507,1.0868052141913722,0.07064431377477831,105.99387007048863,0.07312629562757422,0.001849964070189225,0.00439943428425793,0.008803264369293462,0.013202698653551614
234,14040.0,03:54:00,1787.8826614929842,400.0,92.65117514111334,288.91870161629777,1.236805214191429,0.07064431377477476,106.143870070485,0.07312629562757067,0.001849964070189225,0.00439943428425793,0.008803264369293684,0.013202698653551614
235,14100.0,03:55:00,1795.703146501446,400.0,92.20117514111334,283.2187016162978,1.2368052141913721,0.07064431377477476,119.64387007048863,0.07312629562757067,0.001849964070189447,0.004399434284258152,0.008803264369293018,0.01320269865355117
236,14160.0,03:56:00,1803.5236315099078,400.0,89.35117514111334,272.11870161630503,1.0868052141913722,0.07064431377477831,111.99387007048499,0.07312629562757422,0.001849964070189225,0.00439943428425793,0.008803264369293906,0.013202698653551614
237,14220.0,03:57:00,1811.3441165183697,400.0,93.40117514111334,298.66870161630504,1.0868052141913722,0.07064431377477476,119.49387007048863,0.07312629562757067,0.001849964070189447,0.004399434284258152,0.008803264369293018,0.013202698653551614
238,14280.0,03:58:00,1819.1646015268316,400.0,87.85117514111334,283.81870161629774,1.086805214191429,0.07064431377477476,116.643870070485,0.07312629562757067,0.001849964070189225,0.00439943428425793,0.008803264369293906,0.013202698653551614
239,14340.0,03:59:00,1826.9850865352932,400.0,85.00117514111335,296.7187016162978,1.2368052141913721,0.07064431377477476,115.89387007048863,0.07312629562757422,0.001849964070189225,0.00439943428425793,0.008803264369293018,0.01320269865355117
240,14400.0,04:00:00,1834.8055715437551,400.0,88.30117514111335,292.21870161630505,1.2368052141913721,0.07064431377477831,110.64387007048863,0.07312629562757067,0.001849964070189447,0.004399434284258152,0.008803264369293906,0.013202698653551614
241,14460.0,04:01:00,1842.626056552217,400.0,92.3511751411097,282.91870161630504,1.0868052141913722,0.07064431377477476,108.393870070485,0.07312629562757067,0.001849964070189225,0.00439943428425793,0.008803264369293018,0.01320269865355117
242,14520.0,04:02:00,1850.4465415606787,400.0,87.40117514111334,285.0187016162978,1.086805214191429,0.07064431377477476,106.44387007048863,0.07312629562757422,0.001849964070189225,0.004399434284258152,0.008803264369293906,0.013202698653551614
243,14580.0,04:03:00,1858.2670265691406,400.0,95.50117514111335,277.51870161630507,1.0868052141913722,0.07064431377477831,117.24387007048863,0.07312629562757067,0.001849964070189447,0.00439943428425793,0.008803264369293018,0.013202698653551614
244,14640.0,04:04:00,1866.0875115776025,400.0,85.45117514111334,280.81870161629774,1.0868052141913722,0.07064431377477476,106.29387007048499,0.07312629562757067,0.001849964070189225,0.00439943428425793,0.008803264369293906,0.013202698653551614
245,14700.0,04:05:00,1873.9079965860644,400.0,88.45117514111334,281.568701616305,1.2368052141913721,0.07064431377477476,116.49387007048863,0.07312629562757422,0.001849964070189447,0.004399434284258152,0.008803264369293018,0.01320269865355117
246,14760.0,04:06:00,1881.728481594526,400.0,88.90117514111334,304.51870161630507,1.236805214191429,0.07064431377477831,109.89387007048863,0.07312629562757067,0.001849964070189225,0.00439943428425793,0.008803264369293906,0.013202698653551614
247,14820.0,04:07:00,1889.548966602988,400.0,91.00117514111335,304.81870161629047,1.2368052141913721,0.07064431377477476,114.843870070485,0.07312629562757067,0.001849964070189225,0.00439943428425793,0.008803264369293018,0.013202698653551614
248,14880.0,04:08:00,1897.36945161145,400.0,87.25117514111335,304.96870161630505,1.2368052141913721,0.07064431377477476,106.14387007048863,0.07312629562757422,0.001849964070189447,0.004399434284258152,0.008803264369293906,0.01320269865355117
249,14940.0,04:09:00,1905.1899366199118,400.0,93.70117514111334,275.71870161630505,1.0868052141913722,0.07064431377477831,106.893870070485,0.07312629562757067,0.001849964070189225,0.00439943428425793,0.008803264369293018,0.013202698653551614
250,15000.0,04:10:00,1913.0104216283735,400.0,84.40117514111334,283.36870161630503,1.0868052141913722,0.07064431377477476,112.44387007048863,0.07312629562757067,0.001849964070189447,0.00439943428425793,0.008803264369293906,0.013202698653551614
251,15060.0,04:11:00,1920.8309066368354,400.0,84.40117514111334,285.01870161630507,1.086805214191429,0.07064431377477476,111.69387007048499,0.07312629562757422,0.001849964070189225,0.004399434284258152,0.008803264369293018,0.013202698653551614
252,15120.0,04:12:00,1928.6513916452973,400.0,91.90117514111334,271.81870161629047,1.2368052141913721,0.07064431377477476,110.19387007048863,0.07312629562757067,0.001849964070189225,0.00439943428425793,0.008803264369293906,0.01320269865355117
253,15180.0,04:13:00,1936.471876653759,400.0,86.65117514111334,273.318701616305,1.0868052141913722,0.07064431377477831,103.74387007048863,0.07312629562757067,0.001849964070189447,0.004399434284258152,0.008803264369293018,0.013202698653551614
254,15240.0,04:14:00,1944.2923616622209,400.0,93.25117514111335,284.86870161630503,1.2368052141913721,0.07064431377477476,118.593870070485,0.07312629562757422,0.001849964070189225,0.00439943428425793,0.008803264369293906,0.01320269865355117
255,15300.0,04:15:00,1952.1128466706828,400.0,95.65117514111334,273.16870161630504,1.236805214191429,0.07064431377477476,112.74387007048863,0.07312629562757067,0.001849964070189447,0.004399434284258152,0.008803264369293018,0.013202698653551614
256,15360.0,04:16:00,1959.9333316791444,400.0,92.05117514110971,282.31870161629047,1.2368052141913721,0.07064431377477476,119.64387007048863,0.07312629562757067,0.001849964070189225,0.00439943428425793,0.008803264369293906,0.013202698653551614
257,15420.0,04:17:00,1967.7538166876063,400.0,91.45117514111334,306.61870161630503,1.0868052141913722,0.07064431377477831,115.44387007048499,0.07312629562757422,0.001849964070189225,0.00439943428425793,0.008803264369293018,0.013202698653551614
258,15480.0,04:18:00,1975.5743016960682,400.0,86.05117514111335,279.01870161630507,1.0868052141913722,0.07064431377477476,105.39387007048863,0.07312629562757067,0.001849964070189447,0.004399434284258152,0.008803264369293906,0.01320269865355117
259,15540.0,04:19:00,1983.39478670453,400.0,87.25117514111335,300.318701616305,1.2368052141913721,0.07064431377477476,113.643870070485,0.07312629562757067,0.001849964070189225,0.00439943428425793,0.008803264369293018,0.013202698653551614
260,15600.0,04:20:00,1991.2152717129918,400.0,94.45117514111334,285.9187016162905,1.086805214191429,0.07064431377477831,119.49387007048863,0.07312629562757422,0.001849964070189447,0.00439943428425793,0.008803264369293906,0.013202698653551614
261,15660.0,04:21:00,1999.0357567214537,400.0,95.20117514111334,291.16870161630504,1.2368052141913721,0.07064431377477476,106.893870070485,0.07312629562757067,0.001849964070189225,0.004399434284258152,0.008803264369293018,0.01320269865355117
262,15720.0,04:22:00,2006.8745480769903,400.0,87.25951903088426,282.9449851576239,1.1546927144323944,0.06813237041902553,100.36472690923037,0.06973756613998461,0.0016416370814784642,0.004395048312979766,0.008775570252358644,0.01317061857908719
263,15780.0,04:23:00,2014.7159139876285,400.0,92.23878061330178,264.51965918282224,0.9931446347269457,0.06777909750475075,115.29730217366959,0.06926098439739548,0.0016123385376816124,0.0043944314818511465,0.00877167542671442,0.013166106924248577
264,15840.0,04:24:00,2022.5572798982664,400.0,80.8387806133018,261.51965918282224,0.9931446347268889,0.0677790975047543,112.29730217366595,0.06926098439739903,0.0016123385376818344,0.0043944314818509245,0.00877167542671442,0.013166106924248133
265,15900.0,04:25:00,2030.3986458089046,400.0,93.13878061330179,255.66965918282222,0.9931446347269457,0.06777909750475075,106.44730217366596,0.06926098439739903,0.0016123385376818344,0.0043944314818511465,0.00877167542671442,0.013166106924248133
266,15960.0,04:26:00,2038.2400117195425,400.0,84.58878061329816,267.0696591828222,0.9931446347269457,0.0677790975047543,102.3973021736696,0.06926098439739903,0.0016123385376816124,0.0043944314818511465,0.00877167542671442,0.013166106924248577
267,16020.0,04:27:00,2046.0813776301807,400.0,92.53878061330178,262.1196591828222,0.9931446347268889,0.0677790975047543,112.14730217366596,0.06926098439739548,0.0016123385376818344,0.0043944314818511465,0.00877167542671442,0.013166106924248133
268,16080.0,04:28:00,2053.922743540819,400.0,92.98878061330178,256.4196591828222,0.9931446347269457,0.06777909750475075,101.4973021736696,0.06926098439739903,0.0016123385376818344,0.0043944314818509245,0.00877167542671442,0.013166106924248133
269,16140.0,04:29:00,2061.7641094514565,400.0,83.23878061330178,293.3196591828222,1.1431446347268888,0.0677790975047543,103.14730217366596,0.06926098439739903,0.0016123385376816124,0.0043944314818511465,0.00877167542671442,0.013166106924248577
270,16200.0,04:30:00,2069.6054753620947,400.0,84.88878061329815,272.6196591828222,0.9931446347269457,0.06777909750475075,101.79730217366595,0.06926098439739903,0.0016123385376818344,0.0043944314818511465,0.008771675426714864,0.013166106924248133
271,16260.0,04:31:00,2077.446841272733,400.0,93.88878061330179,291.51965918282224,1.1431446347268888,0.0677790975047543,113.04730217366959,0.06926098439739548,0.0016123385376818344,0.0043944314818511465,0.00877167542671442,0.013166106924248577
272,16320.0,04:32:00,2085.288207183371,400.0,83.8387806133018,260.4696591828222,1.1431446347269456,0.0677790975047543,115.29730217366595,0.06926098439739903,0.0016123385376818344,0.0043944314818509245,0.00877167542671442,0.013166106924248133
273,16380.0,04:33:00,2093.1295730940087,400.0,85.48878061330178,287.01965918282224,0.9931446347268889,0.06777909750475075,101.79730217366595,0.06926098439739903,0.0016123385376816124,0.0043944314818511465,0.00877167542671442,0.013166106924248133
274,16440.0,04:34:00,2100.970939004647,400.0,82.93878061330179,265.7196591828222,1.1431446347269456,0.0677790975047543,108.84730217366959,0.06926098439739903,0.0016123385376818344,0.0043944314818511465,0.00877167542671442,0.013166106924248133
275,16500.0,04:35:00,2108.812304915285,400.0,86.38878061329815,254.46965918282223,1.1431446347268888,0.06777909750475075,105.39730217366596,0.06926098439739903,0.0016123385376818344,0.0043944314818511465,0.00877167542671442,0.013166106924248577
276,16560.0,04:36:00,2116.653670825923,400.0,92.8387806133018,295.1196591828222,1.1431446347269456,0.0677790975047543,112.29730217366595,0.06926098439739548,0.0016123385376816124,0.0043944314818509245,0.00877167542671442,0.013166106924248133
277,16620.0,04:37:00,2124.495036736561,400.0,87.43878061330179,260.4696591828222,1.1431446347269456,0.0677790975047543,103.1473021736696,0.06926098439739903,0.0016123385376818344,0.0043944314818511465,0.00877167542671442,0.013166106924248577
278,16680.0,04:38:00,2132.336402647199,400.0,87.73878061330178,257.9196591828222,1.1431446347268888,0.06777909750475075,111.09730217366595,0.06926098439739903,0.0016123385376818344,0.0043944314818511465,0.00877167542671442,0.013166106924248133
279,16740.0,04:39:00,2140.177768557837,400.0,89.23878061329815,256.8696591828222,1.1431446347269456,0.0677790975047543,105.84730217366959,0.06926098439739903,0.0016123385376816124,0.0043944314818511465,0.00877167542671442,0.013166106924248133
280,16800.0,04:40:00,2148.0191344684754,400.0,86.0887806133018,269.1696591828222,1.1431446347268888,0.06777909750475075,100.29730217366595,0.06926098439739548,0.0016123385376818344,0.0043944314818509245,0.008771675426714864,0.013166106924248577
281,16860.0,04:41:00,2155.8605003791135,400.0,84.88878061330179,287.3196591828222,1.1431446347269456,0.0677790975047543,113.34730217366595,0.06926098439739903,0.0016123385376818344,0.0043944314818511465,0.00877167542671442,0.013166106924248133
282,16920.0,04:42:00,2163.7018662897513,400.0,93.5887806133018,290.6196591828222,1.1431446347268888,0.0677790975047543,107.04730217366959,0.06926098439739903,0.0016123385376816124,0.0043944314818511465,0.00877167542671442,0.013166106924248133
283,16980.0,04:43:00,2171.5432322003894,400.0,84.13878061330179,279.8196591828222,1.1431446347269456,0.06777909750475075,110.64730217366596,0.06926098439739903,0.0016123385376818344,0.0043944314818511465,0.00877167542671442,0.013166106924248577
284,17040.0,04:44:00,2179.3845981110276,400.0,83.08878061329816,296.1696591828222,1.1431446347268888,0.0677790975047543,108.54730217366595,0.06926098439739548,0.0016123385376818344,0.0043944314818509245,0.00877167542671442,0.013166106924248133
285,17100.0,04:45:00,2187.2259640216653,400.0,81.88878061330179,295.26965918282224,1.1431446347269456,0.06777909750475075,107.9473021736696,0.06926098439739903,0.0016123385376816124,0.0043944314818511465,0.00877167542671442,0.013166106924248133
286,17160.0,04:46:00,2195.0673299323034,400.0,88.63878061330179,280.5696591828222,0.9931446347268889,0.0677790975047543,107.64730217366596,0.06926098439739903,0.0016123385376818344,0.0043944314818511465,0.00877167542671442,0.013166106924248577
287,17220.0,04:47:00,2202.9086958429416,400.0,91.3387806133018,265.7196591828222,0.9931446347269457,0.0677790975047543,112.29730217366595,0.06926098439739903,0.0016123385376818344,0.0043944314818511465,0.00877167542671442,0.013166106924248133
288,17280.0,04:48:00,2210.7500617535798,400.0,80.68878061329815,293.01965918282224,1.1431446347269456,0.06777909750475075,108.54730217366959,0.06926098439739548,0.0016123385376816124,0.0043944314818509245,0.00877167542671442,0.013166106924248133
289,17340.0,04:49:00,2218.591427664218,400.0,92.68878061330179,284.1696591828222,1.1431446347268888,0.0677790975047543,113.04730217366595,0.06926098439739903,0.0016123385376818344,0.0043944314818511465,0.00877167542671442,0.013166106924248577
290,17400.0,04:50:00,2226.4327935748556,400.0,81.43878061330179,285.3696591828222,1.1431446347269456,0.0677790975047543,106.1473021736696,0.06926098439739903,0.0016123385376818344,0.0043944314818511465,0.008771675426714864,0.013166106924248133
291,17460.0,04:51:00,2234.274159485494,400.0,86.38878061330179,294.9696591828222,0.9931446347268889,0.06777909750475075,111.69730217366596,0.06926098439739903,0.0016123385376816124,0.0043944314818511465,0.00877167542671442,0.013166106924248133
292,17520.0,04:52:00,2242.115525396132,400.0,92.53878061330178,281.6196591828222,1.1431446347269456,0.0677790975047543,107.34730217366595,0.06926098439739903,0.0016123385376818344,0.0043944314818509245,0.00877167542671442,0.013166106924248577
293,17580.0,04:53:00,2249.9568913067696,400.0,86.23878061330178,287.9196591828222,0.9931446347268889,0.06777909750475075,110.79730217366595,0.06926098439739548,0.0016123385376818344,0.0043944314818511465,0.00877167542671442,0.013166106924248133
294,17640.0,04:54:00,2257.798257217408,400.0,91.48878061329815,296.3196591828222,0.9931446347269457,0.0677790975047543,100.59730217366959,0.06926098439739903,0.0016123385376816124,0.0043944314818511465,0.00877167542671442,0.013166106924248133
295,17700.0,04:55:00,2265.639623128046,400.0,89.0887806133018,270.8196591828222,1.1431446347268888,0.06777909750475075,102.39730217366596,0.06926098439739903,0.0016123385376818344,0.0043944314818509245,0.00877167542671442,0.013166106924248577
296,17760.0,04:56:00,2273.480989038684,400.0,91.48878061330178,287.16965918280766,0.9931446347269457,0.0677790975047543,112.8973021736696,0.06926098439739903,0.0016123385376818344,0.0043944314818511465,0.00877167542671442,0.013166106924248133
297,17820.0,04:57:00,2281.3223549493223,400.0,93.13878061330179,263.4696591828368,0.9931446347268889,0.0677790975047543,110.79730217366595,0.06926098439739548,0.0016123385376818344,0.0043944314818511465,0.00877167542671442,0.013166106924248133
298,17880.0,04:58:00,2289.16372085996,400.0,81.58878061329816,293.16965918280766,1.1431446347269456,0.06777909750475075,102.84730217366595,0.06926098439739903,0.0016123385376816124,0.0043944314818511465,0.00877167542671442,0.013166106924248577
299,17940.0,04:59:00,2297.005086770598,400.0,82.48878061330178,296.31965918283674,1.1431446347268888,0.0677790975047543,106.29730217366959,0.06926098439739903,0.0016123385376818344,0.0043944314818511465,0.00877167542671442,0.013166106924248133
300,18000.0,05:00:00,2304.8464526812363,400.0,90.13878061330179,257.4696591828077,1.1431446347269456,0.0677790975047543,105.09730217366595,0.06926098439739903,0.0016123385376818344,0.0043944314818509245,0.00877167542671442,0.013166106924248133
301,18060.0,05:01:00,2312.687818591874,400.0,81.88878061330179,259.11965918283676,1.1431446347269456,0.06777909750475075,113.49730217366596,0.06926098439739548,0.0016123385376816124,0.0043944314818511465,0.008771675426714864,0.013166106924248577
302,18120.0,05:02:00,2320.529184502512,400.0,83.38878061330179,289.2696591828077,1.1431446347268888,0.0677790975047543,103.4473021736696,0.06926098439739903,0.0016123385376818344,0.0043944314818511465,0.00877167542671442,0.013166106924248133
303,18180.0,05:03:00,2328.3705504131503,400.0,91.63878061329815,283.7196591828222,0.9931446347269457,0.06777909750475075,114.54730217366595,0.06926098439739903,0.0016123385376818344,0.0043944314818509245,0.00877167542671442,0.013166106924248133
304,18240.0,05:04:00,2336.2119163237885,400.0,81.88878061330179,268.26965918282224,0.9931446347268889,0.0677790975047543,106.29730217366595,0.06926098439739903,0.0016123385376816124,0.0043944314818511465,0.00877167542671442,0.013166106924248577
305,18300.0,05:05:00,2344.0532822344267,400.0,90.88878061330179,295.5696591828222,0.9931446347269457,0.0677790975047543,103.29730217366959,0.06926098439739903,0.0016123385376818344,0.0043944314818511465,0.00877167542671442,0.013166106924248133
306,18360.0,05:06:00,2351.8946481450644,400.0,83.8387806133018,268.7196591828222,0.9931446347268889,0.06777909750475075,108.09730217366595,0.06926098439739548,0.0016123385376818344,0.0043944314818511465,0.00877167542671442,0.013166106924248577
307,18420.0,05:07:00,2359.7360140557025,400.0,85.48878061329815,296.1696591828222,1.1431446347269456,0.0677790975047543,101.4973021736696,0.06926098439740258,0.0016123385376816124,0.0043944314818511465,0.00877167542671442,0.013166106924248133
308,18480.0,05:08:00,2367.5773799663407,400.0,84.13878061330179,270.3696591828222,0.9931446347268889,0.06777909750475075,107.49730217366596,0.06926098439739548,0.0016123385376818344,0.0043944314818509245,0.00877167542671442,0.013166106924248133
309,18540.0,05:09:00,2375.418745876979,400.0,86.98878061330178,254.46965918282223,0.9931446347269457,0.0677790975047543,107.79730217366595,0.06926098439739548,0.0016123385376818344,0.0043944314818511465,0.00877167542671442,0.013166106924248133
310,18600.0,05:10:00,2383.2601117876166,400.0,92.68878061330179,273.0696591828222,1.1431446347269456,0.0677790975047543,110.04730217366959,0.06926098439740258,0.0016123385376816124,0.0043944314818511465,0.008771675426714864,0.013166106924248133
311,18660.0,05:11:00,2391.1014776982547,400.0,83.53878061330178,296.3196591828222,1.1431446347268888,0.06777909750475075,106.74730217366596,0.06926098439739548,0.0016123385376818344,0.0043944314818509245,0.008771675426713976,0.013166106924249021
312,18720.0,05:12:00,2398.942843608893,400.0,86.83878061329816,273.3696591828222,0.9931446347268889,0.0677790975047543,115.29730217366595,0.06926098439739548,0.0016123385376818344,0.0043944314818511465,0.008771675426714864,0.013166106924248133
313,18780.0,05:13:00,2406.784209519531,400.0,92.23878061330178,263.01965918282224,1.1431446347269456,0.06777909750475075,102.2473021736696,0.06926098439740258,0.0016123385376816124,0.0043944314818511465,0.00877167542671442,0.013166106924248133
314,18840.0,05:14:00,2414.6255754301687,400.0,83.8387806133018,268.7196591828222,1.1431446347269456,0.0677790975047543,108.54730217366595,0.06926098439739548,0.0016123385376818344,0.0043944314818511465,0.00877167542671442,0.013166106924248133
315,18900.0,05:15:00,2422.466941340807,400.0,88.78878061330178,293.3196591828222,0.9931446347268889,0.0677790975047543,113.49730217366596,0.06926098439740258,0.0016123385376818344,0.0043944314818511465,0.00877167542671442,0.013166106924248133
316,18960.0,05:16:00,2430.308307251445,400.0,86.38878061329815,266.6196591828222,1.1431446347269456,0.06777909750475075,102.9973021736696,0.06926098439739548,0.0016123385376818344,0.0043944314818509245,0.00877167542671442,0.013166106924248133
317,19020.0,05:17:00,2438.149673162083,400.0,91.63878061330179,274.1196591828222,0.9931446347268889,0.0677790975047543,101.34730217366595,0.06926098439739548,0.0016123385376816124,0.0043944314818511465,0.00877167542671442,0.013166106924249021
318,19080.0,05:18:00,2445.991039072721,400.0,93.28878061330178,268.7196591828222,0.9931446347269457,0.06777909750475075,114.54730217366959,0.06926098439740258,0.0016123385376818344,0.0043944314818511465,0.00877167542671442,0.013166106924248133
319,19140.0,05:19:00,2453.832404983359,400.0,84.73878061330178,285.9696591828222,1.1431446347268888,0.0677790975047543,106.74730217366596,0.06926098439739548,0.0016123385376818344,0.0043944314818509245,0.00877167542671442,0.013166106924248133
320,19200.0,05:20:00,2461.6737708939972,400.0,83.8387806133018,262.5696591828222,1.1431446347269456,0.0677790975047543,113.79730217366595,0.06926098439740258,0.0016123385376816124,0.0043944314818511465,0.00877167542671442,0.013166106924248133
321,19260.0,05:21:00,2469.5151368046354,400.0,90.5887806133018,294.6696591828222,1.1431446347268888,0.06777909750475075,107.04730217366595,0.06926098439739548,0.0016123385376818344,0.0043944314818511465,0.008771675426714864,0.013166106924248133
322,19320.0,05:22:00,2477.356502715273,400.0,87.73878061329815,279.0696591828222,1.1431446347269456,0.0677790975047543,110.04730217366595,0.06926098439739548,0.0016123385376818344,0.0043944314818511465,0.008771675426713976,0.013166106924248133
323,19380.0,05:23:00,2485.1978686259113,400.0,87.13878061330179,262.8696591828222,1.1431446347269456,0.0677790975047543,99.39730217367324,0.06926098439740258,0.0016123385376816124,0.0043944314818511465,0.008771675426714864,0.013166106924249021
324,19440.0,05:24:00,2493.0392345365494,400.0,80.68878061330179,260.3196591828222,0.9931446347268889,0.06777909750475075,100.89730217366596,0.06926098439739548,0.0016123385376818344,0.0043944314818509245,0.00877167542671442,0.013166106924248133
325,19500.0,05:25:00,2500.87750853632,400.0,87.96479669540204,287.8666097500885,1.0150759071628954,0.06872493717640538,106.33229298419901,0.07104677920234792,0.0016276871422440387,0.004304494357892263,0.008684872211544459,0.012989366581603434
326,19560.0,05:26:00,2508.6913423186775,400.0,95.06546655156635,297.1537190748262,1.3384331252173296,0.07620139047759977,114.88004599969717,0.08516271434952216,0.0017490112193452312,0.003593580312441391,0.00799873035890375,0.01159231065571742
327,19620.0,05:27:00,2516.505176101035,400.0,93.71546655156271,287.10371907482624,1.1884331252172728,0.07620139047759622,113.53004599970446,0.08516271434952927,0.0017490112193450091,0.003593580312441391,0.00799873035890375,0.01159231065571742
328,19680.0,05:28:00,2524.319009883392,400.0,101.06546655156271,291.7537190748262,1.1884331252173297,0.07620139047759622,122.38004599970445,0.08516271434952216,0.0017490112193450091,0.003593580312441391,0.00799873035890375,0.011592310655716531
329,19740.0,05:29:00,2532.1328436657495,400.0,103.01546655156271,307.05371907482623,1.1884331252172728,0.07620139047759977,122.08004599969718,0.08516271434952927,0.0017490112193452312,0.003593580312441391,0.007998730358903305,0.01159231065571742
330,19800.0,05:30:00,2539.946677448107,400.0,97.91546655156272,290.7037190748262,1.3384331252173296,0.07620139047759622,123.73004599970446,0.08516271434952216,0.0017490112193450091,0.003593580312441391,0.00799873035890375,0.01159231065571742
331,19860.0,05:31:00,2547.7605112304645,400.0,102.11546655156272,310.6537190748262,1.1884331252173297,0.07620139047759622,113.38004599970445,0.08516271434952927,0.0017490112193450091,0.0035935803124416132,0.00799873035890375,0.01159231065571742
332,19920.0,05:32:00,2555.574345012822,400.0,98.96546655156271,296.2537190748408,1.3384331252172728,0.07620139047759977,121.03004599969718,0.08516271434952216,0.0017490112193452312,0.003593580312441391,0.007998730358903305,0.01159231065571742
333,19980.0,05:33:00,2563.3881787951796,400.0,92.81546655156271,318.0037190748262,1.1884331252173297,0.07620139047759622,115.78004599970446,0.08516271434952927,0.0017490112193450091,0.003593580312441391,0.00799873035890375,0.01159231065571742
334,20040.0,05:34:00,2571.202012577537,400.0,99.86546655156272,292.80371907482623,1.1884331252173297,0.07620139047759622,113.83004599970445,0.08516271434952216,0.0017490112193450091,0.003593580312441391,0.00799873035890375,0.01159231065571742
335,20100.0,05:35:00,2579.0158463598946,400.0,102.26546655156271,317.55371907482623,1.1884331252172728,0.07620139047759977,114.13004599969717,0.08516271434952927,0.0017490112193452312,0.003593580312441391,0.007998730358903305,0.01159231065571742
336,20160.0,05:36:00,2586.829680142252,400.0,103.16546655156272,301.5037190748262,1.3384331252173296,0.07620139047759622,121.93004599970445,0.08516271434952216,0.0017490112193450091,0.003593580312441391,0.00799873035890375,0.01159231065571742
337,20220.0,05:37:00,2594.6435139246096,400.0,98.96546655156635,297.30371907482623,1.1884331252172728,0.07620139047759977,112.18004599969717,0.08516271434952927,0.0017490112193450091,0.003593580312441391,0.00799873035890375,0.01159231065571742
338,20280.0,05:38:00,2602.457347706967,400.0,102.56546655156271,306.30371907482623,1.3384331252173296,0.07620139047759622,121.63004599970445,0.08516271434952216,0.0017490112193452312,0.0035935803124416132,0.007998730358903305,0.01159231065571742
339,20340.0,05:39:00,2610.2711814893246,400.0,98.51546655156271,320.10371907482624,1.1884331252173297,0.07620139047759622,114.88004599970445,0.08516271434952927,0.0017490112193450091,0.003593580312441391,0.00799873035890375,0.01159231065571742
340,20400.0,05:40:00,2618.085015271682,400.0,94.01546655156271,300.7537190748262,1.3384331252172728,0.07620139047759977,125.08004599969718,0.08516271434952216,0.0017490112193452312,0.003593580312441391,0.00799873035890375,0.01159231065571742
341,20460.0,05:41:00,2625.8988490540396,400.0,102.11546655156272,298.2037190748262,1.3384331252173296,0.07620139047759622,117.28004599970446,0.08516271434952927,0.0017490112193450091,0.003593580312441391,0.007998730358903305,0.01159231065571742
342,20520.0,05:42:00,2633.7126828363967,400.0,91.46546655156271,311.2537190748262,1.1884331252172728,0.07620139047759622,125.23004599970446,0.08516271434952216,0.0017490112193450091,0.003593580312441391,0.00799873035890375,0.01159231065571742
343,20580.0,05:43:00,2641.526516618754,400.0,94.46546655156271,286.35371907482624,1.3384331252173296,0.07620139047759977,113.38004599969717,0.08516271434952927,0.0017490112193452312,0.003593580312441391,0.00799873035890375,0.01159231065571742
344,20640.0,05:44:00,2649.3403504011117,400.0,93.41546655156272,310.6537190748262,1.3384331252173296,0.07620139047759622,127.03004599970446,0.08516271434952216,0.0017490112193450091,0.0035935803124416132,0.007998730358903305,0.01159231065571742
345,20700.0,05:45:00,2657.154184183469,400.0,90.86546655156272,325.6537190748262,1.1884331252172728,0.07620139047759622,119.53004599970446,0.08516271434952927,0.0017490112193450091,0.003593580312441391,0.00799873035890375,0.011592310655716531
346,20760.0,05:46:00,2664.9680179658267,400.0,91.91546655156272,292.9537190748262,1.3384331252173296,0.07620139047759977,114.58004599969718,0.08516271434952216,0.0017490112193452312,0.003593580312441391,0.00799873035890375,0.01159231065571742
347,20820.0,05:47:00,2672.781851748184,400.0,94.31546655156271,292.3537190748408,1.1884331252173297,0.07620139047759622,127.93004599970445,0.08516271434952927,0.0017490112193450091,0.003593580312441391,0.007998730358903305,0.01159231065571742
348,20880.0,05:48:00,2680.5956855305417,400.0,99.71546655156271,312.0037190748262,1.1884331252172728,0.07620139047759622,114.58004599969718,0.08516271434952216,0.0017490112193450091,0.003593580312441391,0.00799873035890375,0.01159231065571742
349,20940.0,05:49:00,2688.409519312899,400.0,101.21546655156635,308.4037190748262,1.1884331252173297,0.07620139047759977,124.18004599970445,0.08516271434952927,0.0017490112193452312,0.003593580312441391,0.00799873035890375,0.01159231065571742
350,21000.0,05:50:00,2696.2233530952567,400.0,102.56546655156271,290.85371907482624,1.1884331252172728,0.07620139047759622,114.58004599970445,0.08516271434952216,0.0017490112193450091,0.0035935803124416132,0.007998730358903305,0.01159231065571742
351,21060.0,05:51:00,2704.037186877614,400.0,98.21546655156271,286.9537190748262,1.1884331252173297,0.07620139047759622,127.93004599969717,0.08516271434952927,0.0017490112193450091,0.003593580312441391,0.00799873035890375,0.01159231065571742
352,21120.0,05:52:00,2711.8510206599717,400.0,91.61546655156272,321.9037190748262,1.1884331252173297,0.07620139047759977,125.83004599970445,0.08516271434952216,0.0017490112193452312,0.003593580312441391,0.00799873035890375,0.01159231065571742
353,21180.0,05:53:00,2719.664854442329,400.0,98.36546655156272,311.85371907482624,1.3384331252172728,0.07620139047759622,112.78004599970446,0.08516271434952927,0.0017490112193450091,0.003593580312441391,0.007998730358903305,0.01159231065571742
354,21240.0,05:54:00,2727.4786882246867,400.0,92.96546655156271,296.4037190748262,1.3384331252173296,0.07620139047759977,124.33004599969718,0.08516271434952216,0.0017490112193450091,0.003593580312441391,0.00799873035890375,0.01159231065571742
355,21300.0,05:55:00,2735.2925220070438,400.0,99.11546655156272,296.10371907482624,1.3384331252173296,0.07620139047759622,115.78004599970446,0.08516271434952927,0.0017490112193452312,0.003593580312441391,0.00799873035890375,0.01159231065571742
356,21360.0,05:56:00,2743.1063557894013,400.0,99.26546655156271,315.60371907482624,1.1884331252172728,0.07620139047759622,126.73004599969718,0.08516271434952216,0.0017490112193450091,0.003593580312441391,0.007998730358903305,0.01159231065571742
357,21420.0,05:57:00,2750.920189571759,400.0,93.11546655156272,289.6537190748262,1.3384331252173296,0.07620139047759977,128.08004599970445,0.08516271434952927,0.0017490112193450091,0.0035935803124416132,0.00799873035890375,0.01159231065571742
358,21480.0,05:58:00,2758.7340233541163,400.0,95.06546655156271,314.2537190748262,1.3384331252172728,0.07620139047759622,124.93004599970445,0.08516271434952216,0.0017490112193452312,0.003593580312441391,0.00799873035890375,0.01159231065571742
359,21540.0,05:59:00,2766.547857136474,400.0,101.96546655156635,320.4037190748262,1.1884331252173297,0.07620139047759622,114.43004599969717,0.08516271434952927,0.0017490112193450091,0.003593580312441391,0.007998730358903305,0.01159231065571742
360,21600.0,06:00:00,2774.3616909188313,400.0,96.56546655156271,328.05371907482623,1.3384331252173296,0.07620139047759977,126.43004599970445,0.08516271434952216,0.0017490112193452312,0.003593580312441391,0.00799873035890375,0.01159231065571742
